Standard;NPS;DN;Identification;Schedule;OD in;OD mm;Wall in;Wall mm;Weight lb/ft;Weight kg/m
ASME B36.10;1/8;6;-;10;0.405;10.3;0.049;1.24;0.19;0.28
ASME B36.10;1/8;6;-;30;0.405;10.3;0.057;1.45;0.21;0.32
ASME B36.10;1/8;6;STD;40;0.405;10.3;0.068;1.73;0.24;0.37
ASME B36.10;1/8;6;XS;80;0.405;10.3;0.095;2.41;0.31;0.47
ASME B36.10;1/8;6;-;160;0.405;10.3;0.124;3.15;0.37;0.56
ASME B36.10;1/8;6;XXS;-;0.405;10.3;0.19;4.83;0.44;0.65
ASME B36.10;1/4;8;-;10;0.54;13.7;0.065;1.65;0.33;0.49
ASME B36.10;1/4;8;-;30;0.54;13.7;0.073;1.85;0.36;0.54
ASME B36.10;1/4;8;STD;40;0.54;13.7;0.088;2.24;0.43;0.63
ASME B36.10;1/4;8;XS;80;0.54;13.7;0.119;3.02;0.54;0.8
ASME B36.10;1/4;8;-;160;0.54;13.7;0.145;3.68;0.61;0.91
ASME B36.10;1/4;8;XXS;-;0.54;13.7;0.238;6.05;0.77;1.41
ASME B36.10;3/8;10;-;10;0.675;17.1;0.065;1.65;0.42;0.63
ASME B36.10;3/8;10;-;30;0.675;17.1;0.073;1.85;0.47;0.7
ASME B36.10;3/8;10;STD;40;0.675;17.1;0.091;2.31;0.57;0.84
ASME B36.10;3/8;10;XS;80;0.675;17.1;0.126;3.2;0.74;1.1
ASME B36.10;3/8;10;-;160;0.675;17.1;0.158;4.01;0.87;1.29
ASME B36.10;3/8;10;XXS;-;0.675;17.1;0.252;6.4;1.14;1.69
ASME B36.10;1/2;15;-;5;0.84;21.3;0.065;1.65;0.54;0.8
ASME B36.10;1/2;15;-;10;0.84;21.3;0.083;2.11;0.67;1
ASME B36.10;1/2;15;-;30;0.84;21.3;0.095;2.41;0.76;1.12
ASME B36.10;1/2;15;STD;40;0.84;21.3;0.109;2.77;0.85;1.27
ASME B36.10;1/2;15;XS;80;0.84;21.3;0.147;3.73;1.09;1.62
ASME B36.10;1/2;15;-;160;0.84;21.3;0.188;4.78;1.31;1.95
ASME B36.10;1/2;15;XXS;-;0.84;21.3;0.294;7.47;1.72;2.55
ASME B36.10;3/4;20;-;5;1.05;26.7;0.065;1.65;0.68;1.02
ASME B36.10;3/4;20;-;10;1.05;26.7;0.083;2.11;0.86;1.28
ASME B36.10;3/4;20;-;30;1.05;26.7;0.095;2.41;0.97;1.44
ASME B36.10;3/4;20;STD;40;1.05;26.7;0.113;2.87;1.13;1.69
ASME B36.10;3/4;20;XS;80;1.05;26.7;0.154;3.91;1.48;2.2
ASME B36.10;3/4;20;-;160;1.05;26.7;0.219;5.56;1.95;2.9
ASME B36.10;3/4;20;XXS;-;1.05;26.7;0.308;7.82;2.44;3.64
ASME B36.10;1;25;-;5;1.315;33.4;0.065;1.65;0.87;1.29
ASME B36.10;1;25;-;10;1.315;33.4;0.109;2.77;1.41;2.09
ASME B36.10;1;25;-;30;1.315;33.4;0.114;2.9;1.46;2.18
ASME B36.10;1;25;STD;40;1.315;33.4;0.133;3.38;1.68;2.5
ASME B36.10;1;25;XS;80;1.315;33.4;0.179;4.55;2.17;3.24
ASME B36.10;1;25;-;160;1.315;33.4;0.25;6.35;2.85;4.24
ASME B36.10;1;25;XXS;-;1.315;33.4;0.358;9.09;3.66;5.45
ASME B36.10;1 1/4;32;-;5;1.66;42.2;0.065;1.65;1.11;1.65
ASME B36.10;1 1/4;32;-;10;1.66;42.2;0.109;2.77;1.81;2.69
ASME B36.10;1 1/4;32;-;30;1.66;42.2;0.117;2.97;1.93;2.87
ASME B36.10;1 1/4;32;STD;40;1.66;42.2;0.14;3.56;2.27;3.39
ASME B36.10;1 1/4;32;XS;80;1.66;42.2;0.191;4.85;3;4.47
ASME B36.10;1 1/4;32;-;160;1.66;42.2;0.25;6.35;3.77;5.61
ASME B36.10;1 1/4;32;XXS;-;1.66;42.2;0.382;9.7;5.22;7.77
ASME B36.10;1 1/2;40;-;5;1.9;48.3;0.065;1.65;1.28;1.9
ASME B36.10;1 1/2;40;-;10;1.9;48.3;0.109;2.77;2.09;3.11
ASME B36.10;1 1/2;40;-;30;1.9;48.3;0.125;3.18;2.37;3.53
ASME B36.10;1 1/2;40;STD;40;1.9;48.3;0.145;3.68;2.72;4.05
ASME B36.10;1 1/2;40;XS;80;1.9;48.3;0.2;5.08;3.63;5.41
ASME B36.10;1 1/2;40;-;160;1.9;48.3;0.281;7.14;4.86;7.25
ASME B36.10;1 1/2;40;XXS;-;1.9;48.3;0.4;10.15;6.41;9.55
ASME B36.10;2;50;-;5;2.375;60.3;0.065;1.65;1.61;2.39
ASME B36.10;2;50;-;-;2.375;60.3;0.083;2.11;2.03;3.03
ASME B36.10;2;50;-;10;2.375;60.3;0.109;2.77;2.64;3.93
ASME B36.10;2;50;-;30;2.375;60.3;0.125;3.18;3.01;4.48
ASME B36.10;2;50;-;-;2.375;60.3;0.141;3.58;3.37;5.01
ASME B36.10;2;50;STD;40;2.375;60.3;0.154;3.91;3.66;5.44
ASME B36.10;2;50;-;-;2.375;60.3;0.172;4.37;4.05;6.03
ASME B36.10;2;50;-;-;2.375;60.3;0.188;4.78;4.4;6.54
ASME B36.10;2;50;XS;80;2.375;60.3;0.218;5.54;5.03;7.48
ASME B36.10;2;50;-;-;2.375;60.3;0.25;6.35;5.68;8.45
ASME B36.10;2;50;-;-;2.375;60.3;0.281;7.14;6.29;9.36
ASME B36.10;2;50;-;160;2.375;60.3;0.344;8.74;7.47;11.11
ASME B36.10;2;50;XXS;-;2.375;60.3;0.436;11.07;9.04;13.44
ASME B36.10;2 1/2;65;-;5;2.875;73;0.083;2.11;2.48;3.69
ASME B36.10;2 1/2;65;-;-;2.875;73;0.109;2.77;3.22;4.8
ASME B36.10;2 1/2;65;-;10;2.875;73;0.12;3.05;3.53;5.26
ASME B36.10;2 1/2;65;-;-;2.875;73;0.125;3.18;3.67;5.48
ASME B36.10;2 1/2;65;-;-;2.875;73;0.141;3.58;4.12;6.13
ASME B36.10;2 1/2;65;-;-;2.875;73;0.156;3.96;4.53;6.74
ASME B36.10;2 1/2;65;-;-;2.875;73;0.172;4.37;4.97;7.4
ASME B36.10;2 1/2;65;-;30;2.875;73;0.188;4.78;5.4;8.04
ASME B36.10;2 1/2;65;STD;40;2.875;73;0.203;5.16;5.8;8.63
ASME B36.10;2 1/2;65;-;-;2.875;73;0.216;5.49;6.14;9.14
ASME B36.10;2 1/2;65;-;-;2.875;73;0.25;6.35;7.02;10.44
ASME B36.10;2 1/2;65;XS;80;2.875;73;0.276;7.01;7.67;11.41
ASME B36.10;2 1/2;65;-;160;2.875;73;0.375;9.53;10.02;14.92
ASME B36.10;2 1/2;65;XXS;-;2.875;73;0.552;14.02;13.71;20.39
ASME B36.10;3;80;-;5;3.5;88.9;0.083;2.11;3.03;4.52
ASME B36.10;3;80;-;-;3.5;88.9;0.109;2.77;3.95;5.88
ASME B36.10;3;80;-;10;3.5;88.9;0.12;3.05;4.34;6.46
ASME B36.10;3;80;-;-;3.5;88.9;0.125;3.18;4.51;6.72
ASME B36.10;3;80;-;-;3.5;88.9;0.141;3.58;5.06;7.53
ASME B36.10;3;80;-;-;3.5;88.9;0.156;3.96;5.58;8.3
ASME B36.10;3;80;-;-;3.5;88.9;0.172;4.37;6.12;9.11
ASME B36.10;3;80;-;30;3.5;88.9;0.188;4.78;6.66;9.92
ASME B36.10;3;80;STD;40;3.5;88.9;0.216;5.49;7.58;11.29
ASME B36.10;3;80;-;-;3.5;88.9;0.25;6.35;8.69;12.93
ASME B36.10;3;80;-;-;3.5;88.9;0.281;7.14;9.67;14.4
ASME B36.10;3;80;XS;80;3.5;88.9;0.3;7.62;10.26;15.27
ASME B36.10;3;80;-;160;3.5;88.9;0.438;11.13;14.34;21.35
ASME B36.10;3;80;XXS;-;3.5;88.9;0.6;15.24;18.6;27.68
ASME B36.10;3 1/2;90;-;5;4;101.6;0.083;2.11;3.48;5.18
ASME B36.10;3 1/2;90;-;-;4;101.6;0.109;2.77;4.53;6.75
ASME B36.10;3 1/2;90;-;10;4;101.6;0.12;3.05;4.98;7.41
ASME B36.10;3 1/2;90;-;-;4;101.6;0.125;3.18;5.18;7.72
ASME B36.10;3 1/2;90;-;-;4;101.6;0.141;3.58;5.82;8.65
ASME B36.10;3 1/2;90;-;-;4;101.6;0.156;3.96;6.41;9.54
ASME B36.10;3 1/2;90;-;-;4;101.6;0.172;4.37;7.04;10.48
ASME B36.10;3 1/2;90;-;30;4;101.6;0.188;4.78;7.66;11.41
ASME B36.10;3 1/2;90;STD;40;4;101.6;0.226;5.74;9.12;13.57
ASME B36.10;3 1/2;90;-;-;4;101.6;0.25;6.35;10.02;14.92
ASME B36.10;3 1/2;90;-;-;4;101.6;0.281;7.14;11.17;16.63
ASME B36.10;3 1/2;90;XS;80;4;101.6;0.318;8.08;12.52;18.64
ASME B36.10;4;100;-;5;4.5;114.3;0.083;2.11;3.92;5.84
ASME B36.10;4;100;-;-;4.5;114.3;0.109;2.77;5.12;7.62
ASME B36.10;4;100;-;10;4.5;114.3;0.12;3.05;5.62;8.37
ASME B36.10;4;100;-;-;4.5;114.3;0.125;3.18;5.85;8.71
ASME B36.10;4;100;-;-;4.5;114.3;0.141;3.58;6.57;9.78
ASME B36.10;4;100;-;-;4.5;114.3;0.156;3.96;7.24;10.78
ASME B36.10;4;100;-;-;4.5;114.3;0.172;4.37;7.96;11.85
ASME B36.10;4;100;-;30;4.5;114.3;0.188;4.78;8.67;12.91
ASME B36.10;4;100;-;-;4.5;114.3;0.203;5.16;9.32;13.89
ASME B36.10;4;100;-;-;4.5;114.3;0.219;5.56;10.02;14.91
ASME B36.10;4;100;STD;40;4.5;114.3;0.237;6.02;10.8;16.08
ASME B36.10;4;100;-;-;4.5;114.3;0.25;6.35;11.36;16.91
ASME B36.10;4;100;-;-;4.5;114.3;0.281;7.14;12.67;18.87
ASME B36.10;4;100;-;-;4.5;114.3;0.312;7.92;13.97;20.78
ASME B36.10;4;100;XS;80;4.5;114.3;0.337;8.56;15;22.32
ASME B36.10;4;100;-;120;4.5;114.3;0.438;11.13;19.02;28.32
ASME B36.10;4;100;-;160;4.5;114.3;0.531;13.49;22.53;33.54
ASME B36.10;4;100;XXS;-;4.5;114.3;0.674;17.12;27.57;41.03
ASME B36.10;5;125;-;-;5.563;141.3;0.083;2.11;4.86;7.24
ASME B36.10;5;125;-;5;5.563;141.3;0.109;2.77;6.36;9.46
ASME B36.10;5;125;-;-;5.563;141.3;0.125;3.18;7.27;10.83
ASME B36.10;5;125;-;10;5.563;141.3;0.134;3.4;7.78;11.56
ASME B36.10;5;125;-;-;5.563;141.3;0.156;3.96;9.02;13.41
ASME B36.10;5;125;-;-;5.563;141.3;0.188;4.78;10.8;16.09
ASME B36.10;5;125;-;-;5.563;141.3;0.219;5.56;12.51;18.61
ASME B36.10;5;125;STD;40;5.563;141.3;0.258;6.55;14.63;21.77
ASME B36.10;5;125;-;-;5.563;141.3;0.281;7.14;15.87;23.62
ASME B36.10;5;125;-;-;5.563;141.3;0.312;7.92;17.51;26.05
ASME B36.10;5;125;-;-;5.563;141.3;0.344;8.74;19.19;28.57
ASME B36.10;5;125;XS;80;5.563;141.3;0.375;9.53;20.8;30.97
ASME B36.10;5;125;-;120;5.563;141.3;0.5;12.7;27.06;40.28
ASME B36.10;5;125;-;160;5.563;141.3;0.625;15.88;32.99;49.12
ASME B36.10;5;125;XXS;-;5.563;141.3;0.75;19.05;38.59;57.43
ASME B36.10;6;150;-;-;6.625;168.3;0.083;2.11;5.8;8.65
ASME B36.10;6;150;-;5;6.625;168.3;0.109;2.77;7.59;11.31
ASME B36.10;6;150;-;-;6.625;168.3;0.125;3.18;8.69;12.95
ASME B36.10;6;150;-;10;6.625;168.3;0.134;3.4;9.3;13.83
ASME B36.10;6;150;-;-;6.625;168.3;0.141;3.58;9.77;14.54
ASME B36.10;6;150;-;-;6.625;168.3;0.156;3.96;10.79;16.05
ASME B36.10;6;150;-;-;6.625;168.3;0.172;4.37;11.87;17.67
ASME B36.10;6;150;-;-;6.625;168.3;0.188;4.78;12.94;19.28
ASME B36.10;6;150;-;-;6.625;168.3;0.203;5.16;13.94;20.76
ASME B36.10;6;150;-;-;6.625;168.3;0.219;5.56;15;22.31
ASME B36.10;6;150;-;-;6.625;168.3;0.25;6.35;17.04;25.36
ASME B36.10;6;150;STD;40;6.625;168.3;0.28;7.11;18.99;28.26
ASME B36.10;6;150;-;-;6.625;168.3;0.312;7.92;21.06;31.33
ASME B36.10;6;150;-;-;6.625;168.3;0.344;8.74;23.1;34.39
ASME B36.10;6;150;-;-;6.625;168.3;0.375;9.53;25.05;37.31
ASME B36.10;6;150;XS;80;6.625;168.3;0.432;10.97;28.6;42.56
ASME B36.10;6;150;-;-;6.625;168.3;0.5;12.7;32.74;48.73
ASME B36.10;6;150;-;120;6.625;168.3;0.562;14.27;36.43;54.21
ASME B36.10;6;150;-;-;6.625;168.3;0.625;15.88;40.09;59.69
ASME B36.10;6;150;-;160;6.625;168.3;0.719;18.26;45.39;67.57
ASME B36.10;6;150;-;-;6.625;168.3;0.75;19.05;47.1;70.12
ASME B36.10;6;150;XXS;-;6.625;168.3;0.864;21.95;53.21;79.22
ASME B36.10;6;150;-;-;6.625;168.3;0.875;22.23;53.78;80.08
ASME B36.10;8;200;-;5;8.625;219.1;0.109;2.77;9.92;14.78
ASME B36.10;8;200;-;-;8.625;219.1;0.125;3.18;11.36;16.93
ASME B36.10;8;200;-;10;8.625;219.1;0.148;3.76;13.41;19.97
ASME B36.10;8;200;-;-;8.625;219.1;0.156;3.96;14.12;21.01
ASME B36.10;8;200;-;-;8.625;219.1;0.188;4.78;16.96;25.26
ASME B36.10;8;200;-;-;8.625;219.1;0.203;5.16;18.28;27.22
ASME B36.10;8;200;-;-;8.625;219.1;0.219;5.56;19.68;29.28
ASME B36.10;8;200;-;20;8.625;219.1;0.25;6.35;22.38;33.32
ASME B36.10;8;200;-;30;8.625;219.1;0.277;7.04;24.72;36.82
ASME B36.10;8;200;-;-;8.625;219.1;0.312;7.92;27.73;41.25
ASME B36.10;8;200;STD;40;8.625;219.1;0.322;8.18;28.58;42.55
ASME B36.10;8;200;-;-;8.625;219.1;0.344;8.74;30.45;45.34
ASME B36.10;8;200;-;-;8.625;219.1;0.375;9.53;33.07;49.25
ASME B36.10;8;200;-;60;8.625;219.1;0.406;10.31;35.67;53.09
ASME B36.10;8;200;-;-;8.625;219.1;0.438;11.13;38.33;57.08
ASME B36.10;8;200;XS;80;8.625;219.1;0.5;12.7;43.43;64.64
ASME B36.10;8;200;-;-;8.625;219.1;0.562;14.27;48.44;72.08
ASME B36.10;8;200;-;100;8.625;219.1;0.594;15.09;51;75.92
ASME B36.10;8;200;-;-;8.625;219.1;0.625;15.88;53.45;79.59
ASME B36.10;8;200;-;120;8.625;219.1;0.719;18.26;60.77;90.44
ASME B36.10;8;200;-;-;8.625;219.1;0.75;19.05;63.14;93.98
ASME B36.10;8;200;-;140;8.625;219.1;0.812;20.62;67.82;100.93
ASME B36.10;8;200;XXS;-;8.625;219.1;0.875;22.23;72.49;107.93
ASME B36.10;8;200;-;160;8.625;219.1;0.906;23.01;74.76;111.27
ASME B36.10;8;200;-;-;8.625;219.1;1;25.4;81.51;121.33
ASME B36.10;10;250;-;5;10.75;273;0.134;3.4;15.21;22.61
ASME B36.10;10;250;-;-;10.75;273;0.156;3.96;17.67;26.27
ASME B36.10;10;250;-;10;10.75;273;0.165;4.19;18.67;27.78
ASME B36.10;10;250;-;-;10.75;273;0.188;4.78;21.23;31.62
ASME B36.10;10;250;-;-;10.75;273;0.203;5.16;22.89;34.08
ASME B36.10;10;250;-;-;10.75;273;0.219;5.56;24.65;36.67
ASME B36.10;10;250;-;20;10.75;273;0.25;6.35;28.06;41.76
ASME B36.10;10;250;-;-;10.75;273;0.279;7.09;31.23;46.49
ASME B36.10;10;250;-;30;10.75;273;0.307;7.8;34.27;51.01
ASME B36.10;10;250;-;-;10.75;273;0.344;8.74;38.27;56.96
ASME B36.10;10;250;STD;40;10.75;273;0.365;9.27;40.52;60.29
ASME B36.10;10;250;-;-;10.75;273;0.438;11.13;48.28;71.88
ASME B36.10;10;250;XS;60;10.75;273;0.5;12.7;54.79;81.53
ASME B36.10;10;250;-;-;10.75;273;0.562;14.27;61.21;91.05
ASME B36.10;10;250;-;80;10.75;273;0.594;15.09;64.49;95.98
ASME B36.10;10;250;-;-;10.75;273;0.625;15.88;67.65;100.69
ASME B36.10;10;250;-;100;10.75;273;0.719;18.26;77.1;114.71
ASME B36.10;10;250;-;-;10.75;273;0.812;20.62;86.26;128.34
ASME B36.10;10;250;-;120;10.75;273;0.844;21.44;89.38;133.01
ASME B36.10;10;250;-;-;10.75;273;0.875;22.23;92.37;137.48
ASME B36.10;10;250;-;-;10.75;273;0.938;23.83;98.39;146.43
ASME B36.10;10;250;XXS;140;10.75;273;1;25.4;104.23;155.1
ASME B36.10;10;250;-;160;10.75;273;1.125;28.58;115.75;172.27
ASME B36.10;10;250;-;-;10.75;273;1.25;31.75;126.94;188.9
ASME B36.10;12;300;-;5;12.75;323.8;0.156;3.96;21;31.24
ASME B36.10;12;300;-;-;12.75;323.8;0.172;4.37;23.13;34.43
ASME B36.10;12;300;-;10;12.75;323.8;0.18;4.57;24.19;35.98
ASME B36.10;12;300;-;-;12.75;323.8;0.188;4.78;25.25;37.61
ASME B36.10;12;300;-;-;12.75;323.8;0.203;5.16;27.23;40.55
ASME B36.10;12;300;-;-;12.75;323.8;0.219;5.56;29.34;43.64
ASME B36.10;12;300;-;20;12.75;323.8;0.25;6.35;33.41;49.71
ASME B36.10;12;300;-;-;12.75;323.8;0.281;7.14;37.46;55.76
ASME B36.10;12;300;-;-;12.75;323.8;0.312;7.92;41.48;61.7
ASME B36.10;12;300;-;30;12.75;323.8;0.33;8.38;43.81;65.19
ASME B36.10;12;300;-;-;12.75;323.8;0.344;8.74;45.62;67.91
ASME B36.10;12;300;STD;-;12.75;323.8;0.375;9.53;49.61;73.86
ASME B36.10;12;300;-;40;12.75;323.8;0.406;10.31;53.57;79.71
ASME B36.10;12;300;-;-;12.75;323.8;0.438;11.13;57.65;85.82
ASME B36.10;12;300;XS;-;12.75;323.8;0.5;12.7;65.48;97.44
ASME B36.10;12;300;-;60;12.75;323.8;0.562;14.27;73.22;108.93
ASME B36.10;12;300;-;-;12.75;323.8;0.625;15.88;81.01;120.59
ASME B36.10;12;300;-;80;12.75;323.8;0.688;17.48;88.71;132.05
ASME B36.10;12;300;-;-;12.75;323.8;0.75;19.05;96.21;143.17
ASME B36.10;12;300;-;-;12.75;323.8;0.812;20.62;103.63;154.17
ASME B36.10;12;300;-;100;12.75;323.8;0.844;21.44;107.42;159.87
ASME B36.10;12;300;-;-;12.75;323.8;0.875;22.23;111.08;165.33
ASME B36.10;12;300;-;-;12.75;323.8;0.938;23.83;118.44;176.29
ASME B36.10;12;300;XXS;120;12.75;323.8;1;25.4;125.61;186.92
ASME B36.10;12;300;-;-;12.75;323.8;1.062;26.97;132.69;197.43
ASME B36.10;12;300;-;140;12.75;323.8;1.125;28.58;139.81;208.08
ASME B36.10;12;300;-;-;12.75;323.8;1.25;31.75;153.67;228.68
ASME B36.10;12;300;-;160;12.75;323.8;1.312;33.32;160.42;238.69
ASME B36.10;14;350;-;5;14;355.6;0.156;3.96;23.09;34.34
ASME B36.10;14;350;-;-;14;355.6;0.188;4.78;27.76;41.36
ASME B36.10;14;350;-;-;14;355.6;0.203;5.16;29.94;44.59
ASME B36.10;14;350;-;-;14;355.6;0.21;5.33;30.96;46.04
ASME B36.10;14;350;-;-;14;355.6;0.219;5.56;32.26;48
ASME B36.10;14;350;-;10;14;355.6;0.25;6.35;36.75;54.69
ASME B36.10;14;350;-;-;14;355.6;0.281;7.14;41.21;61.36
ASME B36.10;14;350;-;20;14;355.6;0.312;7.92;45.65;67.91
ASME B36.10;14;350;-;-;14;355.6;0.344;8.74;50.22;74.76
ASME B36.10;14;350;STD;30;14;355.6;0.375;9.53;54.62;81.33
ASME B36.10;14;350;-;-;14;355.6;0.406;10.31;59;87.79
ASME B36.10;14;350;-;40;14;355.6;0.438;11.13;63.5;94.55
ASME B36.10;14;350;-;-;14;355.6;0.469;11.91;67.84;100.95
ASME B36.10;14;350;XS;-;14;355.6;0.5;12.7;72.16;107.4
ASME B36.10;14;350;-;-;14;355.6;0.562;14.27;80.73;120.12
ASME B36.10;14;350;-;60;14;355.6;0.594;15.09;85.13;126.72
ASME B36.10;14;350;-;-;14;355.6;0.625;15.88;89.36;133.04
ASME B36.10;14;350;-;-;14;355.6;0.688;17.48;97.91;145.76
ASME B36.10;14;350;-;80;14;355.6;0.75;19.05;106.23;158.11
ASME B36.10;14;350;-;-;14;355.6;0.812;20.62;114.48;170.34
ASME B36.10;14;350;-;-;14;355.6;0.875;22.23;122.77;182.76
ASME B36.10;14;350;-;100;14;355.6;0.938;23.83;130.98;194.98
ASME B36.10;14;350;-;-;14;355.6;1;25.4;138.97;206.84
ASME B36.10;14;350;-;-;14;355.6;1.062;26.97;146.88;218.58
ASME B36.10;14;350;-;120;14;355.6;1.094;27.79;150.93;224.66
ASME B36.10;14;350;-;-;14;355.6;1.125;28.58;154.84;230.49
ASME B36.10;14;350;-;140;14;355.6;1.25;31.75;170.37;253.58
ASME B36.10;14;350;-;160;14;355.6;1.406;35.71;189.29;281.72
ASME B36.10;14;350;-;-;14;355.6;2;50.8;256.56;381.85
ASME B36.10;14;350;-;-;14;355.6;2.125;53.98;269.76;401.52
ASME B36.10;14;350;-;-;14;355.6;2.2;55.88;277.51;413.04
ASME B36.10;14;350;-;-;14;355.6;2.5;63.5;307.34;457.43
ASME B36.10;16;400;-;5;16;406.4;0.165;4.19;27.93;41.56
ASME B36.10;16;400;-;-;16;406.4;0.188;4.78;31.78;47.34
ASME B36.10;16;400;-;-;16;406.4;0.203;5.16;34.28;51.06
ASME B36.10;16;400;-;-;16;406.4;0.219;5.56;36.95;54.96
ASME B36.10;16;400;-;10;16;406.4;0.25;6.35;42.09;62.65
ASME B36.10;16;400;-;-;16;406.4;0.281;7.14;47.22;70.3
ASME B36.10;16;400;-;20;16;406.4;0.312;7.92;52.32;77.83
ASME B36.10;16;400;-;-;16;406.4;0.344;8.74;57.57;85.71
ASME B36.10;16;400;STD;30;16;406.4;0.375;9.53;62.64;93.27
ASME B36.10;16;400;-;-;16;406.4;0.406;10.31;67.68;100.71
ASME B36.10;16;400;-;-;16;406.4;0.438;11.13;72.86;108.49
ASME B36.10;16;400;-;-;16;406.4;0.469;11.91;77.87;115.87
ASME B36.10;16;400;XS;40;16;406.4;0.5;12.7;82.85;123.31
ASME B36.10;16;400;-;-;16;406.4;0.562;14.27;92.75;138
ASME B36.10;16;400;-;-;16;406.4;0.625;15.88;102.72;152.94
ASME B36.10;16;400;-;60;16;406.4;0.656;16.66;107.6;160.13
ASME B36.10;16;400;-;-;16;406.4;0.688;17.48;112.62;167.66
ASME B36.10;16;400;-;-;16;406.4;0.75;19.05;122.27;181.98
ASME B36.10;16;400;-;-;16;406.4;0.812;20.62;131.84;196.18
ASME B36.10;16;400;-;80;16;406.4;0.844;21.44;136.74;203.54
ASME B36.10;16;400;-;-;16;406.4;0.875;22.23;141.48;210.61
ASME B36.10;16;400;-;-;16;406.4;0.938;23.83;151.03;224.83
ASME B36.10;16;400;-;-;16;406.4;1;25.4;160.35;238.66
ASME B36.10;16;400;-;100;16;406.4;1.031;26.19;164.98;245.57
ASME B36.10;16;400;-;-;16;406.4;1.062;26.97;169.59;252.37
ASME B36.10;16;400;-;-;16;406.4;1.125;28.58;178.89;266.3
ASME B36.10;16;400;-;-;16;406.4;1.188;30.18;188.11;280.01
ASME B36.10;16;400;-;120;16;406.4;1.219;30.96;192.61;286.66
ASME B36.10;16;400;-;-;16;406.4;1.25;31.75;197.1;293.35
ASME B36.10;16;400;-;140;16;406.4;1.438;36.53;223.85;333.21
ASME B36.10;16;400;-;160;16;406.4;1.594;40.49;245.48;365.38
ASME B36.10;18;450;-;5;18;457;0.165;4.19;31.46;46.79
ASME B36.10;18;450;-;-;18;457;0.188;4.78;35.8;53.31
ASME B36.10;18;450;-;-;18;457;0.219;5.56;41.63;61.9
ASME B36.10;18;450;-;10;18;457;0.25;6.35;47.44;70.57
ASME B36.10;18;450;-;-;18;457;0.281;7.14;53.23;79.21
ASME B36.10;18;450;-;20;18;457;0.312;7.92;58.99;87.71
ASME B36.10;18;450;-;-;18;457;0.344;8.74;64.93;96.62
ASME B36.10;18;450;STD;-;18;457;0.375;9.53;70.65;105.17
ASME B36.10;18;450;-;-;18;457;0.406;10.31;76.36;113.58
ASME B36.10;18;450;-;30;18;457;0.438;11.13;82.23;122.38
ASME B36.10;18;450;-;-;18;457;0.469;11.91;87.89;130.73
ASME B36.10;18;450;XS;-;18;457;0.5;12.7;93.54;139.16
ASME B36.10;18;450;-;40;18;457;0.562;14.27;104.76;155.81
ASME B36.10;18;450;-;-;18;457;0.625;15.88;116.09;172.75
ASME B36.10;18;450;-;-;18;457;0.688;17.48;127.32;189.47
ASME B36.10;18;450;-;60;18;457;0.75;19.05;138.3;205.75
ASME B36.10;18;450;-;-;18;457;0.812;20.62;149.2;221.91
ASME B36.10;18;450;-;-;18;457;0.875;22.23;160.18;238.35
ASME B36.10;18;450;-;80;18;457;0.938;23.83;171.08;254.57
ASME B36.10;18;450;-;-;18;457;1;25.4;181.73;270.36
ASME B36.10;18;450;-;-;18;457;1.062;26.97;192.29;286.02
ASME B36.10;18;450;-;-;18;457;1.125;28.58;202.94;301.96
ASME B36.10;18;450;-;100;18;457;1.156;29.36;208.15;309.64
ASME B36.10;18;450;-;-;18;457;1.188;30.18;213.51;317.68
ASME B36.10;18;450;-;-;18;457;1.25;31.75;223.82;332.97
ASME B36.10;18;450;-;120;18;457;1.375;34.93;244.37;363.58
ASME B36.10;18;450;-;140;18;457;1.562;39.67;274.48;408.28
ASME B36.10;18;450;-;160;18;457;1.781;45.24;308.79;459.39
ASME B36.10;20;500;-;5;20;508;0.188;4.78;39.82;59.32
ASME B36.10;20;500;-;-;20;508;0.219;5.56;46.31;68.89
ASME B36.10;20;500;-;10;20;508;0.25;6.35;52.78;78.56
ASME B36.10;20;500;-;-;20;508;0.281;7.14;59.23;88.19
ASME B36.10;20;500;-;-;20;508;0.312;7.92;65.66;97.68
ASME B36.10;20;500;-;-;20;508;0.344;8.74;72.28;107.61
ASME B36.10;20;500;STD;20;20;508;0.375;9.53;78.67;117.15
ASME B36.10;20;500;-;-;20;508;0.406;10.31;85.04;126.54
ASME B36.10;20;500;-;-;20;508;0.438;11.13;91.59;136.38
ASME B36.10;20;500;-;-;20;508;0.469;11.91;97.92;145.71
ASME B36.10;20;500;XS;30;20;508;0.5;12.7;104.23;155.13
ASME B36.10;20;500;-;-;20;508;0.562;14.27;116.78;173.75
ASME B36.10;20;500;-;40;20;508;0.594;15.09;123.23;183.43
ASME B36.10;20;500;-;-;20;508;0.625;15.88;129.45;192.73
ASME B36.10;20;500;-;-;20;508;0.688;17.48;142.03;211.45
ASME B36.10;20;500;-;-;20;508;0.75;19.05;154.34;229.71
ASME B36.10;20;500;-;60;20;508;0.812;20.62;166.56;247.84
ASME B36.10;20;500;-;-;20;508;0.875;22.23;178.89;266.31
ASME B36.10;20;500;-;-;20;508;0.938;23.83;191.14;284.54
ASME B36.10;20;500;-;-;20;508;1;25.4;203.11;302.3
ASME B36.10;20;500;-;80;20;508;1.031;26.19;209.06;311.19
ASME B36.10;20;500;-;-;20;508;1.062;26.97;215;319.94
ASME B36.10;20;500;-;-;20;508;1.125;28.58;227;337.91
ASME B36.10;20;500;-;-;20;508;1.188;30.18;238.91;355.63
ASME B36.10;20;500;-;-;20;508;1.25;31.75;250.55;372.91
ASME B36.10;20;500;-;100;20;508;1.281;32.54;256.34;381.55
ASME B36.10;20;500;-;-;20;508;1.312;33.32;262.1;390.05
ASME B36.10;20;500;-;-;20;508;1.375;34.93;273.76;407.51
ASME B36.10;20;500;-;120;20;508;1.5;38.1;296.65;441.52
ASME B36.10;20;500;-;140;20;508;1.75;44.45;341.41;508.15
ASME B36.10;20;500;-;160;20;508;1.969;50.01;379.53;564.85
ASME B36.10;22;550;-;5;22;559;0.188;4.78;43.84;65.33
ASME B36.10;22;550;-;-;22;559;0.219;5.56;50.99;75.89
ASME B36.10;22;550;-;10;22;559;0.25;6.35;58.13;86.55
ASME B36.10;22;550;-;-;22;559;0.281;7.14;65.24;97.17
ASME B36.10;22;550;-;-;22;559;0.312;7.92;72.34;107.64
ASME B36.10;22;550;-;-;22;559;0.344;8.74;79.64;118.6
ASME B36.10;22;550;STD;20;22;559;0.375;9.53;86.69;129.14
ASME B36.10;22;550;-;-;22;559;0.406;10.31;93.72;139.51
ASME B36.10;22;550;-;-;22;559;0.438;11.13;100.96;150.38
ASME B36.10;22;550;-;-;22;559;0.469;11.91;107.95;160.69
ASME B36.10;22;550;XS;30;22;559;0.5;12.7;114.92;171.1
ASME B36.10;22;550;-;-;22;559;0.562;14.27;128.79;191.7
ASME B36.10;22;550;-;-;22;559;0.625;15.88;142.81;212.7
ASME B36.10;22;550;-;-;22;559;0.688;17.48;156.74;233.44
ASME B36.10;22;550;-;-;22;559;0.75;19.05;170.37;253.67
ASME B36.10;22;550;-;-;22;559;0.812;20.62;183.92;273.78
ASME B36.10;22;550;-;60;22;559;0.875;22.23;197.6;294.27
ASME B36.10;22;550;-;-;22;559;0.938;23.83;211.19;314.51
ASME B36.10;22;550;-;-;22;559;1;25.4;224.49;334.25
ASME B36.10;22;550;-;-;22;559;1.062;26.97;237.7;353.86
ASME B36.10;22;550;-;80;22;559;1.125;28.58;251.05;373.85
ASME B36.10;22;550;-;-;22;559;1.188;30.18;264.31;393.59
ASME B36.10;22;550;-;-;22;559;1.25;31.75;277.27;412.84
ASME B36.10;22;550;-;-;22;559;1.312;33.32;290.15;431.96
ASME B36.10;22;550;-;100;22;559;1.375;34.93;303.16;451.45
ASME B36.10;22;550;-;-;22;559;1.438;36.53;316.08;470.69
ASME B36.10;22;550;-;-;22;559;1.5;38.1;328.72;489.44
ASME B36.10;22;550;-;120;22;559;1.625;41.28;353.94;527.05
ASME B36.10;22;550;-;140;22;559;1.875;47.63;403.38;600.67
ASME B36.10;22;550;-;160;22;559;2.125;53.98;451.49;672.3
ASME B36.10;24;600;-;5;24;610;0.218;5.54;55.42;82.58
ASME B36.10;24;600;-;10;24;610;0.25;6.35;63.47;94.53
ASME B36.10;24;600;-;-;24;610;0.281;7.14;71.25;106.15
ASME B36.10;24;600;-;-;24;610;0.312;7.92;79.01;117.6
ASME B36.10;24;600;-;-;24;610;0.344;8.74;86.99;129.6
ASME B36.10;24;600;STD;20;24;610;0.375;9.53;94.71;141.12
ASME B36.10;24;600;-;-;24;610;0.406;10.31;102.4;152.48
ASME B36.10;24;600;-;-;24;610;0.438;11.13;110.32;164.38
ASME B36.10;24;600;-;-;24;610;0.469;11.91;117.98;175.67
ASME B36.10;24;600;XS;-;24;610;0.5;12.7;125.61;187.07
ASME B36.10;24;600;-;30;24;610;0.562;14.27;140.81;209.65
ASME B36.10;24;600;-;-;24;610;0.625;15.88;156.17;232.67
ASME B36.10;24;600;-;40;24;610;0.688;17.48;171.45;255.43
ASME B36.10;24;600;-;-;24;610;0.75;19.05;186.41;277.63
ASME B36.10;24;600;-;-;24;610;0.812;20.62;201.28;299.71
ASME B36.10;24;600;-;-;24;610;0.875;22.23;216.31;322.23
ASME B36.10;24;600;-;-;24;610;0.938;23.83;231.25;344.48
ASME B36.10;24;600;-;60;24;610;0.969;24.61;238.57;355.28
ASME B36.10;24;600;-;-;24;610;1;25.4;245.87;366.19
ASME B36.10;24;600;-;-;24;610;1.062;26.97;260.41;387.79
ASME B36.10;24;600;-;-;24;610;1.125;28.58;275.1;409.8
ASME B36.10;24;600;-;-;24;610;1.188;30.18;289.71;431.55
ASME B36.10;24;600;-;80;24;610;1.219;30.96;296.86;442.11
ASME B36.10;24;600;-;-;24;610;1.25;31.75;304;452.77
ASME B36.10;24;600;-;-;24;610;1.312;33.32;318.21;473.87
ASME B36.10;24;600;-;-;24;610;1.375;34.93;332.56;495.38
ASME B36.10;24;600;-;-;24;610;1.438;36.53;346.83;516.63
ASME B36.10;24;600;-;-;24;610;1.5;38.1;360.79;537.36
ASME B36.10;24;600;-;100;24;610;1.531;38.89;367.74;547.74
ASME B36.10;24;600;-;-;24;610;1.562;39.67;374.66;557.97
ASME B36.10;24;600;-;120;24;610;1.812;46.02;429.79;640.07
ASME B36.10;24;600;-;140;24;610;2.062;52.37;483.57;720.19
ASME B36.10;24;600;-;160;24;610;2.344;59.54;542.64;808.27
ASME B36.10;26;650;-;-;26;660;0.25;6.35;68.82;102.36
ASME B36.10;26;650;-;-;26;660;0.281;7.14;77.26;114.96
ASME B36.10;26;650;-;10;26;660;0.312;7.92;85.68;127.36
ASME B36.10;26;650;-;-;26;660;0.344;8.74;94.35;140.37
ASME B36.10;26;650;STD;-;26;660;0.375;9.53;102.72;152.88
ASME B36.10;26;650;-;-;26;660;0.406;10.31;111.08;165.19
ASME B36.10;26;650;-;-;26;660;0.438;11.13;119.69;178.1
ASME B36.10;26;650;-;-;26;660;0.469;11.91;128;190.36
ASME B36.10;26;650;XS;20;26;660;0.5;12.7;136.3;202.74
ASME B36.10;26;650;-;-;26;660;0.562;14.27;152.83;227.25
ASME B36.10;26;650;-;-;26;660;0.625;15.88;169.54;252.25
ASME B36.10;26;650;-;-;26;660;0.688;17.48;186.16;276.98
ASME B36.10;26;650;-;-;26;660;0.75;19.05;202.44;301.12
ASME B36.10;26;650;-;-;26;660;0.812;20.62;218.64;325.14
ASME B36.10;26;650;-;-;26;660;0.875;22.23;235.01;349.64
ASME B36.10;26;650;-;-;26;660;0.938;23.83;251.3;373.87
ASME B36.10;26;650;-;-;26;660;1;25.4;267.25;397.51
ASME B36.10;28;700;-;-;28;711;0.25;6.35;74.16;110.35
ASME B36.10;28;700;-;-;28;711;0.281;7.14;83.26;123.94
ASME B36.10;28;700;-;10;28;711;0.312;7.92;92.35;137.32
ASME B36.10;28;700;-;-;28;711;0.344;8.74;101.7;151.37
ASME B36.10;28;700;STD;-;28;711;0.375;9.53;110.74;164.86
ASME B36.10;28;700;-;-;28;711;0.406;10.31;119.76;178.16
ASME B36.10;28;700;-;-;28;711;0.438;11.13;129.05;192.1
ASME B36.10;28;700;-;-;28;711;0.469;11.91;138.03;205.34
ASME B36.10;28;700;XS;20;28;711;0.5;12.7;146.99;218.71
ASME B36.10;28;700;-;-;28;711;0.562;14.27;164.84;245.19
ASME B36.10;28;700;-;30;28;711;0.625;15.88;182.9;272.23
ASME B36.10;28;700;-;-;28;711;0.688;17.48;200.87;298.96
ASME B36.10;28;700;-;-;28;711;0.75;19.05;218.48;325.08
ASME B36.10;28;700;-;-;28;711;0.812;20.62;236;351.07
ASME B36.10;28;700;-;-;28;711;0.875;22.23;253.72;377.6
ASME B36.10;28;700;-;-;28;711;0.938;23.83;271.36;403.84
ASME B36.10;28;700;-;-;28;711;1;25.4;288.63;429.46
ASME B36.10;30;750;-;5;30;762;0.25;6.35;79.51;118.34
ASME B36.10;30;750;-;-;30;762;0.281;7.14;89.27;132.92
ASME B36.10;30;750;-;10;30;762;0.312;7.92;99.02;147.29
ASME B36.10;30;750;-;-;30;762;0.344;8.74;109.06;162.36
ASME B36.10;30;750;STD;-;30;762;0.375;9.53;118.76;176.85
ASME B36.10;30;750;-;-;30;762;0.406;10.31;128.44;191.12
ASME B36.10;30;750;-;-;30;762;0.438;11.13;138.42;206.1
ASME B36.10;30;750;-;-;30;762;0.469;11.91;148.06;220.32
ASME B36.10;30;750;XS;20;30;762;0.5;12.7;157.68;234.68
ASME B36.10;30;750;-;-;30;762;0.562;14.27;176.86;263.14
ASME B36.10;30;750;-;30;30;762;0.625;15.88;196.26;292.2
ASME B36.10;30;750;-;-;30;762;0.688;17.48;215.58;320.95
ASME B36.10;30;750;-;-;30;762;0.75;19.05;234.51;349.04
ASME B36.10;30;750;-;-;30;762;0.812;20.62;253.36;377.01
ASME B36.10;30;750;-;-;30;762;0.875;22.23;272.43;405.56
ASME B36.10;30;750;-;-;30;762;0.938;23.83;291.41;433.81
ASME B36.10;30;750;-;-;30;762;1;25.4;310.01;461.41
ASME B36.10;30;750;-;-;30;762;1.062;26.97;328.53;488.88
ASME B36.10;30;750;-;-;30;762;1.125;28.58;347.26;516.93
ASME B36.10;30;750;-;-;30;762;1.188;30.18;365.9;544.68
ASME B36.10;30;750;-;-;30;762;1.25;31.75;384.17;571.79
ASME B36.10;32;800;-;-;32;813;0.25;6.35;84.85;126.32
ASME B36.10;32;800;-;-;32;813;0.281;7.14;95.28;141.9
ASME B36.10;32;800;-;10;32;813;0.312;7.92;105.69;157.25
ASME B36.10;32;800;-;-;32;813;0.344;8.74;116.41;173.35
ASME B36.10;32;800;STD;-;32;813;0.375;9.53;126.78;188.83
ASME B36.10;32;800;-;-;32;813;0.406;10.31;137.12;204.09
ASME B36.10;32;800;-;-;32;813;0.438;11.13;147.78;220.1
ASME B36.10;32;800;-;-;32;813;0.469;11.91;158.08;235.29
ASME B36.10;32;800;XS;20;32;813;0.5;12.7;168.37;250.65
ASME B36.10;32;800;-;-;32;813;0.562;14.27;188.87;281.09
ASME B36.10;32;800;-;30;32;813;0.625;15.88;209.62;312.17
ASME B36.10;32;800;-;40;32;813;0.688;17.48;230.29;342.94
ASME B36.10;32;800;-;-;32;813;0.75;19.05;250.55;373
ASME B36.10;32;800;-;-;32;813;0.812;20.62;270.72;402.94
ASME B36.10;32;800;-;-;32;813;0.875;22.23;291.14;433.52
ASME B36.10;32;800;-;-;32;813;0.938;23.83;311.47;463.78
ASME B36.10;32;800;-;-;32;813;1;25.4;331.39;493.35
ASME B36.10;32;800;-;-;32;813;1.062;26.97;351.23;522.8
ASME B36.10;32;800;-;-;32;813;1.125;28.58;371.31;552.88
ASME B36.10;32;800;-;-;32;813;1.188;30.18;391.3;582.64
ASME B36.10;32;800;-;-;32;813;1.25;31.75;410.9;611.72
ASME B36.10;34;850;-;-;34;864;0.25;6.35;90.2;134.31
ASME B36.10;34;850;-;-;34;864;0.281;7.14;101.29;150.88
ASME B36.10;34;850;-;10;34;864;0.312;7.92;112.36;167.21
ASME B36.10;34;850;-;-;34;864;0.344;8.74;123.77;184.34
ASME B36.10;34;850;STD;-;34;864;0.375;9.53;134.79;200.82
ASME B36.10;34;850;-;-;34;864;0.406;10.31;145.8;217.06
ASME B36.10;34;850;-;-;34;864;0.438;11.13;157.14;234.1
ASME B36.10;34;850;-;-;34;864;0.469;11.91;168.11;250.27
ASME B36.10;34;850;XS;20;34;864;0.5;12.7;179.06;266.63
ASME B36.10;34;850;-;-;34;864;0.562;14.27;200.89;299.04
ASME B36.10;34;850;-;30;34;864;0.625;15.88;222.99;332.14
ASME B36.10;34;850;-;40;34;864;0.688;17.48;245;364.92
ASME B36.10;34;850;-;-;34;864;0.75;19.05;266.58;396.96
ASME B36.10;34;850;-;-;34;864;0.812;20.62;288.08;428.88
ASME B36.10;34;850;-;-;34;864;0.875;22.23;309.84;461.48
ASME B36.10;34;850;-;-;34;864;0.938;23.83;331.52;493.75
ASME B36.10;34;850;-;-;34;864;1;25.4;352.77;525.3
ASME B36.10;34;850;-;-;34;864;1.062;26.97;373.94;556.73
ASME B36.10;34;850;-;-;34;864;1.125;28.58;395.36;588.83
ASME B36.10;34;850;-;-;34;864;1.188;30.18;416.7;620.6
ASME B36.10;34;850;-;-;34;864;1.25;31.75;437.62;651.65
ASME B36.10;36;900;-;-;36;914;0.25;6.35;95.54;142.14
ASME B36.10;36;900;-;-;36;914;0.281;7.14;107.3;159.68
ASME B36.10;36;900;-;10;36;914;0.312;7.92;119.03;176.97
ASME B36.10;36;900;-;-;36;914;0.344;8.74;131.12;195.12
ASME B36.10;36;900;STD;-;36;914;0.375;9.53;142.81;212.57
ASME B36.10;36;900;-;-;36;914;0.406;10.31;154.48;229.77
ASME B36.10;36;900;-;-;36;914;0.438;11.13;166.51;247.82
ASME B36.10;36;900;-;-;36;914;0.469;11.91;178.14;264.96
ASME B36.10;36;900;XS;20;36;914;0.5;12.7;189.75;282.29
ASME B36.10;36;900;-;-;36;914;0.562;14.27;212.9;316.63
ASME B36.10;36;900;-;30;36;914;0.625;15.88;236.35;351.73
ASME B36.10;36;900;-;-;36;914;0.688;17.48;259.71;386.47
ASME B36.10;36;900;-;40;36;914;0.75;19.05;282.62;420.45
ASME B36.10;36;900;-;-;36;914;0.812;20.62;305.44;454.3
ASME B36.10;36;900;-;-;36;914;0.875;22.23;328.55;488.89
ASME B36.10;36;900;-;-;36;914;0.938;23.83;351.57;523.14
ASME B36.10;36;900;-;-;36;914;1;25.4;374.15;556.62
ASME B36.10;36;900;-;-;36;914;1.062;26.97;396.64;589.98
ASME B36.10;36;900;-;-;36;914;1.125;28.58;419.42;624.07
ASME B36.10;36;900;-;-;36;914;1.188;30.18;442.1;657.81
ASME B36.10;36;900;-;-;36;914;1.25;31.75;464.35;690.8
ASME B36.10;38;950;-;-;38;965;0.312;7.92;125.7;186.94
ASME B36.10;38;950;-;-;38;965;0.344;8.74;138.47;206.11
ASME B36.10;38;950;STD;-;38;965;0.375;9.53;150.83;224.56
ASME B36.10;38;950;-;-;38;965;0.406;10.31;163.16;242.74
ASME B36.10;38;950;-;-;38;965;0.438;11.13;175.87;261.82
ASME B36.10;38;950;-;-;38;965;0.469;11.91;188.17;279.94
ASME B36.10;38;950;XS;-;38;965;0.5;12.7;200.44;298.26
ASME B36.10;38;950;-;-;38;965;0.562;14.27;224.92;334.58
ASME B36.10;38;950;-;-;38;965;0.625;15.88;249.71;371.7
ASME B36.10;38;950;-;-;38;965;0.688;17.48;274.42;408.46
ASME B36.10;38;950;-;-;38;965;0.75;19.05;298.65;444.41
ASME B36.10;38;950;-;-;38;965;0.812;20.62;322.8;480.24
ASME B36.10;38;950;-;-;38;965;0.875;22.23;347.26;516.85
ASME B36.10;38;950;-;-;38;965;0.938;23.83;371.63;553.11
ASME B36.10;38;950;-;-;38;965;1;25.4;395.53;588.57
ASME B36.10;38;950;-;-;38;965;1.062;26.97;419.35;623.9
ASME B36.10;38;950;-;-;38;965;1.125;28.58;443.47;660.01
ASME B36.10;38;950;-;-;38;965;1.188;30.18;467.5;695.77
ASME B36.10;38;950;-;-;38;965;1.25;31.75;491.07;730.74
ASME B36.10;40;1000;-;-;40;1016;0.312;7.92;132.37;196.9
ASME B36.10;40;1000;-;-;40;1016;0.344;8.74;145.83;217.11
ASME B36.10;40;1000;STD;-;40;1016;0.375;9.53;158.85;236.54
ASME B36.10;40;1000;-;-;40;1016;0.406;10.31;171.84;255.71
ASME B36.10;40;1000;-;-;40;1016;0.438;11.13;185.24;275.82
ASME B36.10;40;1000;-;-;40;1016;0.469;11.91;198.19;294.92
ASME B36.10;40;1000;XS;-;40;1016;0.5;12.7;211.13;314.23
ASME B36.10;40;1000;-;-;40;1016;0.562;14.27;236.93;352.53
ASME B36.10;40;1000;-;-;40;1016;0.625;15.88;263.07;391.67
ASME B36.10;40;1000;-;-;40;1016;0.688;17.48;289.13;430.45
ASME B36.10;40;1000;-;-;40;1016;0.75;19.05;314.69;468.37
ASME B36.10;40;1000;-;-;40;1016;0.812;20.62;340.16;506.17
ASME B36.10;40;1000;-;-;40;1016;0.875;22.23;365.97;544.81
ASME B36.10;40;1000;-;-;40;1016;0.938;23.83;391.68;583.08
ASME B36.10;40;1000;-;-;40;1016;1;25.4;416.91;620.51
ASME B36.10;40;1000;-;-;40;1016;1.062;26.97;442.05;657.82
ASME B36.10;40;1000;-;-;40;1016;1.125;28.58;467.52;695.96
ASME B36.10;40;1000;-;-;40;1016;1.188;30.18;492.9;733.73
ASME B36.10;40;1000;-;-;40;1016;1.25;31.75;517.8;770.67
ASME B36.10;42;1050;-;-;42;1067;0.344;8.74;153.18;228.1
ASME B36.10;42;1050;STD;-;42;1067;0.375;9.53;166.86;248.53
ASME B36.10;42;1050;-;-;42;1067;0.406;10.31;180.52;268.67
ASME B36.10;42;1050;-;-;42;1067;0.438;11.13;194.6;289.82
ASME B36.10;42;1050;-;-;42;1067;0.469;11.91;208.22;309.9
ASME B36.10;42;1050;XS;-;42;1067;0.5;12.7;221.82;330.21
ASME B36.10;42;1050;-;-;42;1067;0.562;14.27;248.95;370.48
ASME B36.10;42;1050;-;-;42;1067;0.625;15.88;276.44;411.64
ASME B36.10;42;1050;-;-;42;1067;0.688;17.48;303.84;452.43
ASME B36.10;42;1050;-;-;42;1067;0.75;19.05;330.72;492.33
ASME B36.10;42;1050;-;-;42;1067;0.812;20.62;357.52;532.11
ASME B36.10;42;1050;-;-;42;1067;0.875;22.23;384.67;572.77
ASME B36.10;42;1050;-;-;42;1067;0.938;23.83;411.74;613.05
ASME B36.10;42;1050;-;-;42;1067;1;25.4;438.29;652.46
ASME B36.10;42;1050;-;-;42;1067;1.062;26.97;464.76;691.75
ASME B36.10;42;1050;-;-;42;1067;1.125;28.58;491.57;731.91
ASME B36.10;42;1050;-;-;42;1067;1.188;30.18;518.3;771.69
ASME B36.10;42;1050;-;-;42;1067;1.25;31.75;544.52;810.6
ASME B36.10;44;1100;-;-;44;1118;0.344;8.74;160.54;239.09
ASME B36.10;44;1100;STD;-;44;1118;0.375;9.53;174.88;260.52
ASME B36.10;44;1100;-;-;44;1118;0.406;10.31;189.2;281.64
ASME B36.10;44;1100;-;-;44;1118;0.438;11.13;203.97;303.82
ASME B36.10;44;1100;-;-;44;1118;0.469;11.91;218.25;324.88
ASME B36.10;44;1100;XS;-;44;1118;0.5;12.7;232.51;346.18
ASME B36.10;44;1100;-;-;44;1118;0.562;14.27;260.97;388.42
ASME B36.10;44;1100;-;-;44;1118;0.625;15.88;289.8;431.62
ASME B36.10;44;1100;-;-;44;1118;0.688;17.48;318.55;474.42
ASME B36.10;44;1100;-;-;44;1118;0.75;19.05;346.76;516.29
ASME B36.10;44;1100;-;-;44;1118;0.812;20.62;374.88;558.04
ASME B36.10;44;1100;-;-;44;1118;0.875;22.23;403.38;600.73
ASME B36.10;44;1100;-;-;44;1118;0.938;23.83;431.79;643.03
ASME B36.10;44;1100;-;-;44;1118;1;25.4;459.67;684.41
ASME B36.10;44;1100;-;-;44;1118;1.062;26.97;487.47;725.67
ASME B36.10;44;1100;-;-;44;1118;1.125;28.58;515.63;767.85
ASME B36.10;44;1100;-;-;44;1118;1.188;30.18;543.7;809.65
ASME B36.10;44;1100;-;-;44;1118;1.25;31.75;571.25;850.54
ASME B36.10;46;1150;-;-;46;1168;0.344;8.74;167.89;249.87
ASME B36.10;46;1150;STD;-;46;1168;0.375;9.53;182.9;272.27
ASME B36.10;46;1150;-;-;46;1168;0.406;10.31;197.88;294.35
ASME B36.10;46;1150;-;-;46;1168;0.438;11.13;213.33;317.54
ASME B36.10;46;1150;-;-;46;1168;0.469;11.91;228.27;339.56
ASME B36.10;46;1150;XS;-;46;1168;0.5;12.7;243.2;361.84
ASME B36.10;46;1150;-;-;46;1168;0.562;14.27;272.98;406.02
ASME B36.10;46;1150;-;-;46;1168;0.625;15.88;303.16;451.2
ASME B36.10;46;1150;-;-;46;1168;0.688;17.48;333.26;495.97
ASME B36.10;46;1150;-;-;46;1168;0.75;19.05;362.79;539.78
ASME B36.10;46;1150;-;-;46;1168;0.812;20.62;392.24;583.47
ASME B36.10;46;1150;-;-;46;1168;0.875;22.23;422.09;628.14
ASME B36.10;46;1150;-;-;46;1168;0.938;23.83;451.85;672.41
ASME B36.10;46;1150;-;-;46;1168;1;25.4;481.05;715.73
ASME B36.10;46;1150;-;-;46;1168;1.062;26.97;510.17;758.92
ASME B36.10;46;1150;-;-;46;1168;1.125;28.58;539.68;803.09
ASME B36.10;46;1150;-;-;46;1168;1.188;30.18;569.1;846.86
ASME B36.10;46;1150;-;-;46;1168;1.25;31.75;597.97;889.69
ASME B36.10;48;1200;-;-;48;1219;0.344;8.74;175.25;260.86
ASME B36.10;48;1200;STD;-;48;1219;0.375;9.53;190.92;284.25
ASME B36.10;48;1200;-;-;48;1219;0.406;10.31;206.56;307.32
ASME B36.10;48;1200;-;-;48;1219;0.438;11.13;222.7;331.54
ASME B36.10;48;1200;-;-;48;1219;0.469;11.91;238.3;354.54
ASME B36.10;48;1200;XS;-;48;1219;0.5;12.7;253.89;377.81
ASME B36.10;48;1200;-;-;48;1219;0.562;14.27;285;423.97
ASME B36.10;48;1200;-;-;48;1219;0.625;15.88;316.52;471.17
ASME B36.10;48;1200;-;-;48;1219;0.688;17.48;347.97;517.95
ASME B36.10;48;1200;-;-;48;1219;0.75;19.05;378.83;563.74
ASME B36.10;48;1200;-;-;48;1219;0.812;20.62;409.61;609.4
ASME B36.10;48;1200;-;-;48;1219;0.875;22.23;440.8;656.1
ASME B36.10;48;1200;-;-;48;1219;0.938;23.83;471.9;702.38
ASME B36.10;48;1200;-;-;48;1219;1;25.4;502.43;747.67
ASME B36.10;48;1200;-;-;48;1219;1.062;26.97;532.88;792.84
ASME B36.10;48;1200;-;-;48;1219;1.125;28.58;563.73;839.04
ASME B36.10;48;1200;-;-;48;1219;1.188;30.18;594.5;884.82
ASME B36.10;48;1200;-;-;48;1219;1.25;31.75;624.7;929.62
ASME B36.10;52;1300;-;-;52;1321;0.375;9.53;206.95;308.23
ASME B36.10;52;1300;-;-;52;1321;0.406;10.31;223.93;333.26
ASME B36.10;52;1300;-;-;52;1321;0.438;11.13;241.42;359.54
ASME B36.10;52;1300;-;-;52;1321;0.469;11.91;258.36;384.5
ASME B36.10;52;1300;-;-;52;1321;0.5;12.7;275.27;409.76
ASME B36.10;52;1300;-;-;52;1321;0.562;14.27;309.03;459.86
ASME B36.10;52;1300;-;-;52;1321;0.625;15.88;343.25;511.12
ASME B36.10;52;1300;-;-;52;1321;0.688;17.48;377.39;561.93
ASME B36.10;52;1300;-;-;52;1321;0.75;19.05;410.9;611.66
ASME B36.10;52;1300;-;-;52;1321;0.812;20.62;444.33;661.27
ASME B36.10;52;1300;-;-;52;1321;0.875;22.23;478.21;712.02
ASME B36.10;52;1300;-;-;52;1321;0.938;23.83;512.01;762.33
ASME B36.10;52;1300;-;-;52;1321;1;25.4;545.19;811.57
ASME B36.10;52;1300;-;-;52;1321;1.062;26.97;578.29;860.69
ASME B36.10;52;1300;-;-;52;1321;1.125;28.58;611.84;910.93
ASME B36.10;52;1300;-;-;52;1321;1.188;30.18;645.3;960.74
ASME B36.10;52;1300;-;-;52;1321;1.25;31.75;678.15;1009.49
ASME B36.10;56;1400;-;-;56;1422;0.375;9.53;222.99;331.96
ASME B36.10;56;1400;-;-;56;1422;0.406;10.31;241.29;358.94
ASME B36.10;56;1400;-;-;56;1422;0.438;11.13;260.15;387.26
ASME B36.10;56;1400;-;-;56;1422;0.469;11.91;278.41;414.17
ASME B36.10;56;1400;-;-;56;1422;0.5;12.7;296.65;441.39
ASME B36.10;56;1400;-;-;56;1422;0.562;14.27;333.06;495.41
ASME B36.10;56;1400;-;-;56;1422;0.625;15.88;369.97;550.67
ASME B36.10;56;1400;-;-;56;1422;0.688;17.48;406.8;605.46
ASME B36.10;56;1400;-;-;56;1422;0.75;19.05;442.97;659.11
ASME B36.10;56;1400;-;-;56;1422;0.812;20.62;479.05;712.63
ASME B36.10;56;1400;-;-;56;1422;0.875;22.23;515.63;767.39
ASME B36.10;56;1400;-;-;56;1422;0.938;23.83;552.12;821.68
ASME B36.10;56;1400;-;-;56;1422;1;25.4;587.95;874.83
ASME B36.10;56;1400;-;-;56;1422;1.062;26.97;623.7;927.86
ASME B36.10;56;1400;-;-;56;1422;1.125;28.58;659.94;982.12
ASME B36.10;56;1400;-;-;56;1422;1.188;30.18;696.1;1035.91
ASME B36.10;56;1400;-;-;56;1422;1.25;31.75;731.6;1088.57
ASME B36.10;60;1500;-;-;60;1524;0.375;9.53;239.02;355.94
ASME B36.10;60;1500;-;-;60;1524;0.406;10.31;258.65;384.87
ASME B36.10;60;1500;-;-;60;1524;0.438;11.13;278.88;415.26
ASME B36.10;60;1500;-;-;60;1524;0.469;11.91;298.47;444.13
ASME B36.10;60;1500;-;-;60;1524;0.5;12.7;318.03;473.34
ASME B36.10;60;1500;-;-;60;1524;0.562;14.27;357.09;531.3
ASME B36.10;60;1500;-;-;60;1524;0.625;15.88;396.7;590.62
ASME B36.10;60;1500;-;-;60;1524;0.688;17.48;436.22;649.44
ASME B36.10;60;1500;-;-;60;1524;0.75;19.05;475.04;707.03
ASME B36.10;60;1500;-;-;60;1524;0.812;20.62;513.77;764.5
ASME B36.10;60;1500;-;-;60;1524;0.875;22.23;553.04;823.31
ASME B36.10;60;1500;-;-;60;1524;0.938;23.83;592.23;881.63
ASME B36.10;60;1500;-;-;60;1524;1;25.4;630.71;938.73
ASME B36.10;60;1500;-;-;60;1524;1.062;26.97;669.11;995.71
ASME B36.10;60;1500;-;-;60;1524;1.125;28.58;708.05;1054.01
ASME B36.10;60;1500;-;-;60;1524;1.188;30.18;746.9;1111.83
ASME B36.10;60;1500;-;-;60;1524;1.25;31.75;785.05;1168.44
ASME B36.10;64;1600;-;-;64;1626;0.375;9.53;255.06;379.91
ASME B36.10;64;1600;-;-;64;1626;0.406;10.31;276.01;410.81
ASME B36.10;64;1600;-;-;64;1626;0.438;11.13;297.61;443.25
ASME B36.10;64;1600;-;-;64;1626;0.469;11.91;318.52;474.09
ASME B36.10;64;1600;-;-;64;1626;0.5;12.7;339.41;505.29
ASME B36.10;64;1600;-;-;64;1626;0.562;14.27;381.12;567.2
ASME B36.10;64;1600;-;-;64;1626;0.625;15.88;423.42;630.56
ASME B36.10;64;1600;-;-;64;1626;0.688;17.48;465.64;693.41
ASME B36.10;64;1600;-;-;64;1626;0.75;19.05;507.11;754.95
ASME B36.10;64;1600;-;-;64;1626;0.812;20.62;548.49;816.37
ASME B36.10;64;1600;-;-;64;1626;0.875;22.23;590.46;879.23
ASME B36.10;64;1600;-;-;64;1626;0.938;23.83;632.34;941.57
ASME B36.10;64;1600;-;-;64;1626;1;25.4;673.47;1002.62
ASME B36.10;64;1600;-;-;64;1626;1.062;26.97;714.52;1063.55
ASME B36.10;64;1600;-;-;64;1626;1.125;28.58;756.15;1125.9
ASME B36.10;64;1600;-;-;64;1626;1.188;30.18;797.69;1187.74
ASME B36.10;64;1600;-;-;64;1626;1.25;31.75;838.5;1248.3
ASME B36.10;68;1700;-;-;68;1727;0.469;11.91;338.57;503.75
ASME B36.10;68;1700;-;-;68;1727;0.5;12.7;360.79;536.92
ASME B36.10;68;1700;-;-;68;1727;0.562;14.27;405.15;602.74
ASME B36.10;68;1700;-;-;68;1727;0.625;15.88;450.15;670.12
ASME B36.10;68;1700;-;-;68;1727;0.688;17.48;495.06;736.95
ASME B36.10;68;1700;-;-;68;1727;0.75;19.05;539.18;802.4
ASME B36.10;68;1700;-;-;68;1727;0.812;20.62;583.21;867.73
ASME B36.10;68;1700;-;-;68;1727;0.875;22.23;627.87;934.6
ASME B36.10;68;1700;-;-;68;1727;0.938;23.83;672.45;1000.92
ASME B36.10;68;1700;-;-;68;1727;1;25.4;716.23;1065.89
ASME B36.10;68;1700;-;-;68;1727;1.062;26.97;759.93;1130.73
ASME B36.10;68;1700;-;-;68;1727;1.125;28.58;804.26;1197.09
ASME B36.10;68;1700;-;-;68;1727;1.188;30.18;848.49;1262.92
ASME B36.10;68;1700;-;-;68;1727;1.25;31.75;891.95;1327.39
ASME B36.10;72;1800;-;-;72;1829;0.5;12.7;382.17;568.87
ASME B36.10;72;1800;-;-;72;1829;0.562;14.27;429.18;638.64
ASME B36.10;72;1800;-;-;72;1829;0.625;15.88;476.87;710.06
ASME B36.10;72;1800;-;-;72;1829;0.688;17.48;524.48;780.92
ASME B36.10;72;1800;-;-;72;1829;0.75;19.05;571.25;850.32
ASME B36.10;72;1800;-;-;72;1829;0.812;20.62;617.93;919.6
ASME B36.10;72;1800;-;-;72;1829;0.875;22.23;665.29;990.52
ASME B36.10;72;1800;-;-;72;1829;0.938;23.83;712.55;1060.87
ASME B36.10;72;1800;-;-;72;1829;1;25.4;758.99;1129.78
ASME B36.10;72;1800;-;-;72;1829;1.062;26.97;805.34;1198.57
ASME B36.10;72;1800;-;-;72;1829;1.125;28.58;852.36;1268.98
ASME B36.10;72;1800;-;-;72;1829;1.188;30.18;899.29;1338.83
ASME B36.10;72;1800;-;-;72;1829;1.25;31.75;945.4;1407.25
ASME B36.10;76;1900;-;-;76;1930;0.5;12.7;403.55;600.5
ASME B36.10;76;1900;-;-;76;1930;0.562;14.27;453.21;674.18
ASME B36.10;76;1900;-;-;76;1930;0.625;15.88;503.6;749.62
ASME B36.10;76;1900;-;-;76;1930;0.688;17.48;553.9;824.45
ASME B36.10;76;1900;-;-;76;1930;0.75;19.05;603.32;897.77
ASME B36.10;76;1900;-;-;76;1930;0.812;20.62;652.65;970.96
ASME B36.10;76;1900;-;-;76;1930;0.875;22.23;702.7;1045.89
ASME B36.10;76;1900;-;-;76;1930;0.938;23.83;752.66;1120.22
ASME B36.10;76;1900;-;-;76;1930;1;25.4;801.75;1193.05
ASME B36.10;76;1900;-;-;76;1930;1.062;26.97;850.75;1265.74
ASME B36.10;76;1900;-;-;76;1930;1.125;28.58;900.47;1340.17
ASME B36.10;76;1900;-;-;76;1930;1.188;30.18;950.09;1414.01
ASME B36.10;76;1900;-;-;76;1930;1.25;31.75;998.85;1486.33
ASME B36.10;80;2000;-;-;80;2032;0.562;14.27;477.25;710.08
ASME B36.10;80;2000;-;-;80;2032;0.625;15.88;530.32;789.56
ASME B36.10;80;2000;-;-;80;2032;0.688;17.48;583.32;868.43
ASME B36.10;80;2000;-;-;80;2032;0.75;19.05;635.39;945.69
ASME B36.10;80;2000;-;-;80;2032;0.812;20.62;687.37;1022.83
ASME B36.10;80;2000;-;-;80;2032;0.875;22.23;740.12;1101.81
ASME B36.10;80;2000;-;-;80;2032;0.938;23.83;792.77;1180.17
ASME B36.10;80;2000;-;-;80;2032;1;25.4;844.51;1256.94
ASME B36.10;80;2000;-;-;80;2032;1.062;26.97;896.17;1333.59
ASME B36.10;80;2000;-;-;80;2032;1.125;28.58;948.57;1412.06
ASME B36.10;80;2000;-;-;80;2032;1.188;30.18;1000.89;1489.92
ASME B36.10;80;2000;-;-;80;2032;1.25;31.75;1052.3;1566.2
ASME B36.19;1/8;6;-;5S;0.405;10.3;-;-;-;-
ASME B36.19;1/8;6;-;10S;0.405;10.3;0.049;1.24;0.19;0.28
ASME B36.19;1/8;6;-;40S;0.405;10.3;0.068;1.73;0.24;0.37
ASME B36.19;1/8;6;-;80S;0.405;10.3;0.095;2.41;0.31;0.47
ASME B36.19;1/4;8;-;5S;0.54;13.7;-;-;-;-
ASME B36.19;1/4;8;-;10S;0.54;13.7;0.065;1.65;0.33;0.49
ASME B36.19;1/4;8;-;40S;0.54;13.7;0.088;2.24;0.43;0.63
ASME B36.19;1/4;8;-;80S;0.54;13.7;0.119;3.02;0.54;0.8
ASME B36.19;3/8;10;-;5S;0.675;17.1;-;-;-;-
ASME B36.19;3/8;10;-;10S;0.675;17.1;0.065;1.65;0.42;0.63
ASME B36.19;3/8;10;-;40S;0.675;17.1;0.091;2.31;0.57;0.84
ASME B36.19;3/8;10;-;80S;0.675;17.1;0.126;3.2;0.74;1.1
ASME B36.19;1/2;15;-;5S;0.84;21.3;0.065;1.65;0.54;0.8
ASME B36.19;1/2;15;-;10S;0.84;21.3;0.083;2.11;0.67;1
ASME B36.19;1/2;15;-;40S;0.84;21.3;0.109;2.77;0.85;1.27
ASME B36.19;1/2;15;-;80S;0.84;21.3;0.147;3.73;1.09;1.62
ASME B36.19;3/4;20;-;5S;1.05;26.7;0.065;1.65;0.68;1.02
ASME B36.19;3/4;20;-;10S;1.05;26.7;0.083;2.11;0.86;1.28
ASME B36.19;3/4;20;-;40S;1.05;26.7;0.113;2.87;1.13;1.69
ASME B36.19;3/4;20;-;80S;1.05;26.7;0.154;3.91;1.48;2.2
ASME B36.19;1;25;-;5S;1315;33.4;0.065;1.65;0.87;1.29
ASME B36.19;1;25;-;10S;1315;33.4;0.109;2.77;1.41;2.09
ASME B36.19;1;25;-;40S;1315;33.4;0.133;3.38;1.68;2.5
ASME B36.19;1;25;-;80S;1315;33.4;0.179;4.55;2.17;3.24
ASME B36.19;1 1/4;32;-;5S;1.66;42.2;0.065;1.65;1.11;1.65
ASME B36.19;1 1/4;32;-;10S;1.66;42.2;0.109;2.77;1.81;2.69
ASME B36.19;1 1/4;32;-;40S;1.66;42.2;0.14;3.56;2.27;3.39
ASME B36.19;1 1/4;32;-;80S;1.66;42.2;0.191;4.85;3;4.47
ASME B36.19;1 1/2;40;-;5S;1.9;48.3;0.065;1.65;1.28;1.9
ASME B36.19;1 1/2;40;-;10S;1.9;48.3;0.109;2.77;2.09;3.11
ASME B36.19;1 1/2;40;-;40S;1.9;48.3;0.145;3.68;2.72;4.05
ASME B36.19;1 1/2;40;-;80S;1.9;48.3;0.2;5.08;3.63;5.41
ASME B36.19;2;50;-;5S;2375;60.3;0.065;1.65;1.61;2.39
ASME B36.19;2;50;-;10S;2375;60.3;0.109;2.77;2.64;3.93
ASME B36.19;2;50;-;40S;2375;60.3;0.154;3.91;3.66;5.44
ASME B36.19;2;50;-;80S;2375;60.3;0.218;5.54;5.03;7.48
ASME B36.19;2 1/2;65;-;5S;2875;73;0.083;2.11;2.48;3.69
ASME B36.19;2 1/2;65;-;10S;2875;73;0.12;3.05;3.53;5.26
ASME B36.19;2 1/2;65;-;40S;2875;73;0.203;5.16;5.8;8.63
ASME B36.19;2 1/2;65;-;80S;2875;73;0.276;7.01;7.67;11.41
ASME B36.19;3;80;-;5S;3.5;88.9;0.083;2.11;3.03;4.52
ASME B36.19;3;80;-;10S;3.5;88.9;0.12;3.05;4.34;6.46
ASME B36.19;3;80;-;40S;3.5;88.9;0.216;5.49;7.58;11.29
ASME B36.19;3;80;-;80S;3.5;88.9;0.3;7.62;10.26;15.27
ASME B36.19;3 1/2;90;-;5S;4;101.6;0.083;2.11;3.48;5.18
ASME B36.19;3 1/2;90;-;10S;4;101.6;0.12;3.05;4.98;7.41
ASME B36.19;3 1/2;90;-;40S;4;101.6;0.226;5.74;9.12;13.57
ASME B36.19;3 1/2;90;-;80S;4;101.6;0.318;8.08;12.52;18.64
ASME B36.19;4;100;-;5S;4.5;114.3;0.083;2.11;3.92;5.84
ASME B36.19;4;100;-;10S;4.5;114.3;0.12;3.05;5.62;8.37
ASME B36.19;4;100;-;40S;4.5;114.3;0.237;6.02;10.8;16.08
ASME B36.19;4;100;-;80S;4.5;114.3;0.337;8.56;15;22.32
ASME B36.19;5;125;-;5S;5563;141.3;0.109;2.77;6.36;9.46
ASME B36.19;5;125;-;10S;5563;141.3;0.134;3.4;7.78;11.56
ASME B36.19;5;125;-;40S;5563;141.3;0.258;6.55;14.63;21.77
ASME B36.19;5;125;-;80S;5563;141.3;0.375;9.53;20.8;30.97
ASME B36.19;6;150;-;5S;6625;168.3;0.109;2.77;7.59;11.31
ASME B36.19;6;150;-;10S;6625;168.3;0.134;3.4;9.3;13.83
ASME B36.19;6;150;-;40S;6625;168.3;0.28;7.11;18.99;28.26
ASME B36.19;6;150;-;80S;6625;168.3;0.432;10.97;28.6;42.56
ASME B36.19;8;200;-;5S;8625;219.1;0.109;2.77;9.92;14.78
ASME B36.19;8;200;-;10S;8625;219.1;0.148;3.76;13.41;19.97
ASME B36.19;8;200;-;40S;8625;219.1;0.322;8.18;28.58;42.55
ASME B36.19;8;200;-;80S;8625;219.1;0.5;12.7;43.43;64.64
ASME B36.19;10;250;-;5S;10.75;273;0.134;3.4;15.21;22.61
ASME B36.19;10;250;-;10S;10.75;273;0.165;4.19;18.67;27.78
ASME B36.19;10;250;-;40S;10.75;273;0.365;9.27;40.52;60.29
ASME B36.19;10;250;-;80S;10.75;273;0.5;12.7;54.79;81.53
ASME B36.19;12;300;-;5S;12.75;323.8;0.156;3.96;21;31.24
ASME B36.19;12;300;-;10S;12.75;323.8;0.18;4.57;24.19;35.98
ASME B36.19;12;300;-;40S;12.75;323.8;0.375;9.53;49.61;73.86
ASME B36.19;12;300;-;80S;12.75;323.8;0.5;12.7;65.48;97.44
ASME B36.19;14;350;-;5S;14;355.6;0.156;3.96;23.09;34.34
ASME B36.19;14;350;-;10S;14;355.6;0.188;4.78;27.76;41.36
ASME B36.19;14;350;-;40S;14;355.6;0.375;9.53;54.62;81.33
ASME B36.19;14;350;-;80S;14;355.6;0.5;12.7;72.16;107.4
ASME B36.19;16;400;-;5S;16;406.4;0.165;4.19;27.93;41.56
ASME B36.19;16;400;-;10S;16;406.4;0.188;4.78;31.78;47.34
ASME B36.19;16;400;-;40S;16;406.4;0.375;9.53;62.64;93.27
ASME B36.19;16;400;-;80S;16;406.4;0.5;12.7;82.85;123.31
ASME B36.19;18;450;-;5S;18;457;0.165;4.19;31.46;46.79
ASME B36.19;18;450;-;10S;18;457;0.188;4.78;35.8;53.31
ASME B36.19;18;450;-;40S;18;457;0.375;9.53;70.65;-
ASME B36.19;18;450;-;80S;18;457;0.5;12.7;93.54;-
ASME B36.19;20;500;-;5S;20;508;0.188;4.78;39.82;59.32
ASME B36.19;20;500;-;10S;20;508;0.218;5.54;46.1;68.65
ASME B36.19;20;500;-;40S;20;508;0.375;9.53;78.67;117.15
ASME B36.19;20;500;-;80S;20;508;0.5;12.7;104.23;155.13
ASME B36.19;22;550;-;5S;22;559;0.188;4.78;43.84;65.33
ASME B36.19;22;550;-;10S;22;559;0.218;5.54;50.76;75.62
ASME B36.19;22;550;-;40S;22;559;-;-;-;-
ASME B36.19;22;550;-;80S;22;559;-;-;-;-
ASME B36.19;24;600;-;5S;24;610;0.218;5.54;55.42;82.58
ASME B36.19;24;600;-;10S;24;610;0.25;6.35;63.47;94.53
ASME B36.19;24;600;-;40S;24;610;0.375;9.53;94.71;141.12
ASME B36.19;24;600;-;80S;24;610;0.5;12.7;125.61;187.07
ASME B36.19;30;750;-;5S;30;762;0.25;6.35;79.51;118.34
ASME B36.19;30;750;-;10S;30;762;0.312;7.92;99.02;147.29
ASME B36.19;30;750;-;40S;30;762;-;-;-;-
ASME B36.19;30;750;-;80S;30;762;-;-;-;-